<?xml version="1.0" encoding="UTF-8" standalone="yes"?>
<addon id="repository.surgeon" name="Surgeon Rpository" version="1.0" provider-name="Logs22">
    <extension point="xbmc.addon.repository" name="Example Repository">
        <dir>
            <info compressed="false">https://raw.githubusercontent.com/Logs22/repository.surgeon/master/zips/addons.xml</info>
            <checksum>https://raw.githubusercontent.com/Logs22/repository.surgeon/master/zips/addons.xml.md5</checksum>
            <datadir zip="true">https://raw.githubusercontent.com/Logs22/repository.surgeon/master/zips/</datadir>
        </dir>
    </extension>
    <extension point="xbmc.addon.metadata">
        <summary>repository.surgeon</summary>
        <description>Surgeon's Repository</description>
        <disclaimer></disclaimer>
        <platform>all</platform>
        <assets>
            <icon>icon.png</icon>
            <fanart>fanart.jpg</fanart>
        </assets>
    </extension>
</addon>